NAME,PHONE NUMBER,ILC,ADDRESS,USERNAME,IP ADDRESS,ORBIT SID,Status
JUBAYER HOSSAIN,+8801943760850,ILC9699,Chadra,jubayer50@bp,172.21.25.2,SID310035,inactive 
PARVEZ MOSHAROF,+8801759695306,ILC9701,Chadra,parves06@bp,172.21.25.3,SID311184,active
MD. TORIQUZZAMAN,+8801740982182,ILC9752,Chadra,toriqul82@bp,172.21.25.4,SID237230,active 
Al Amin,+8801995563218,ILC9759,Chadra,amin18@bp,172.21.25.5,SID323063,active
Md. Humayan Kabir,+8801878804912,ILC9808,Chadra,bankasia12@bp,172.21.25.6,SID332498,active
MD. JAHIDUZZMAN,+8801519606819,ILC9772,Chadra,sumon19@bp,172.21.25.7,SID236918,active
MD. ANAMUl HASAN,+8801716017306,ILC9773,Chadra,anamul06@bp,172.21.25.8,SID233812,active
MD SIFUR RAHMAN,+8801746752200,ILC9774,Chadra,sifur@bp,172.21.25.9,SID226772,active
Kamruzzaman,+8801926866430,ILC9807,Chadra,kamrul30@bp,172.21.25.11,SID257684,active
MD. MAHABUR RAHMAN,+8801911900185,ILC9925,Satbaria,mahabur85@bp,172.21.25.12,SID314416,active
MD EMAMUL HOSSEN,+8801643134533,ILC9917,Satbaria,emamul33@bp,172.21.25.13,SID266365,active
MD. ABDULLAH AL MAMUN,+8801644037290,ILC9919,Satbaria,mamun90@bp,172.21.25.14,SID280906,active
Md. Abdul Jolil,+8801760914130,ILC9809,Chadra,jolil30@bp,172.21.25.15,SID265541,active
JAHID HASAN AKASH,+8801792096972,ILC9894,Satbaria,akash72@bp,172.21.25.16,SID316204,active
Rakibul Hasan Shahin,+8801713901548,ILC9810,Chadra,sahin48@bp,172.21.25.17,SID223724,active
Md. Nozrul Islam,+8801786200147,ILC9811,Satbaria,landoffice@bp,172.21.25.18,SID206641,active
MD. SOHIDUL ISLAM,+8801859079551,ILC9829,Satbaria,sohid51@bp,172.21.25.19,SID348006,active
MD. SAYADULLAH MUZAHID,+8801911832777,ILC9830,Satbaria,muzahid77@bp,172.21.25.20,SID196961,active
MD. RIPON RAHMAN(HOME),+8801736731514,ILC9832,Satbaria,ripon14@bp,172.21.25.21,SID237901,active
Md. MAHADI HASSAN,+8801319590785,ILC9893,Satbaria,mahadi85@bp,172.21.25.22,SID197774,active
MD. AKTARUL MOROL,+8801903767029,ILC9838,Satbaria,babu29@bp,172.21.25.23,SID232950,active
MD. RASEL HOSSEN,+8801793345287,ILC9842,Begumpur,rasel87@bp,172.21.25.24,SID212700,active
MD SUJUN HOSSEN,+8801308610550,ILC9890,Satbaria,sujon50@bp,172.21.25.25,SID222165,active
MD. ABDULLAH AL FORHAD,+8801720613134,ILC9863,Begumpur,forhad34@bp,172.21.25.26,SID349275,active
MD MOHIBBUR RAHMAN,+8801759567040,ILC9875,Begumpur,mohibur40@bp,172.21.25.27,SID348008,active
Nazmul Huda,+8801866871760,ILC9876,Satbaria,nazmul60@bp,172.21.25.28,N/A,active
MD. SOBUJ HOSSAIN,+8801788365590,ILC9987,Begumpur,sobuj90@bp,172.21.25.29,SID311190,active
MD. ABDUR RAHIM RONI,+8801701427163,ILC9989,Begumpur,roni63@bp,172.21.25.30,SID255670,active
MAHEDI HASSAN SUJON,+8801723628431,ILC10003,Begumpur,jannatul31@bp,172.21.25.31,SID308080,active
MD MAMUN RAHMAN,+8801936893226,ILC10073,Satbaria,mamun70@bp,172.21.25.33,SID221944,active
MD. ASIKUZZAMAN BOKUL,+8801845627773,ILC10113,Begumpur,bokul73@bp,172.21.25.34,SID248308,active
MD JAKARIA HOSSEIN,+8801733428287,ILC10114,Begumpur,jakaria87@bp,172.21.25.35,SID173320,active
MD FURKAN,+8801739518920,ILC10115,Begumpur,furkan92@bp,172.21.25.36,SID226268,active
MD TANVIR ISLAM FAHIM,+8801611090876,ILC10116,Begumpur,tanvir76@bp,172.21.25.37,SID311188,active
MD HASANUR RAHMAN,+8801303645849,ILC10130,Begumpur,hasanur49@bp,172.21.25.38,SID184810,active
MD RAIHAN HOSSAIN,+8801778609151,ILC10131,Begumpur,raihan51@bp,172.21.25.39,SID256439,active
MD MATIAR RANMAN MOROL,+8801836139975,ILC10132,Begumpur,raihan75@bp,172.21.25.40,SID316827,active
MD ROBIUL ISLAM,+8801858622815,ILC10134,Begumpur,robiul15@bp,172.21.25.41,SID177292,active
MD TANBIR,+8801794357814,ILC10135,Begumpur,tanvir14@bp,172.21.25.42,SID309862,active
MD ABDUR SATTAR DOFADAR,+8801707856097,ILC10143,Begumpur,rezaul97@bp,172.21.25.43,SID296366,active
MD. ZIAUR RAHMAN,+8801764055424,ILC10215,Begumpur,ziaur24@bp,172.21.25.44,SID265570,active
MD MUNNA ISLAM RASHED,+8801775755488,ILC10224,Begumpur,rashed88@bp,172.21.25.45,SID337356,active
MD TAMIM HOSSEN,+8801748416856,ILC10225,Begumpur,tamim56@bp,172.21.25.46,SID297837,active
GOLAM MOSTAFA,+8801642654281,ILC10226,Begumpur,golam81@bp,172.21.25.47,SID336997,active
ABU HURAIRA LITON,+8801873461249,ILC10228,Begumpur,liton49@bp,172.21.25.48,SID322776,active
MD HADUZZAMAN,+8801315491174,ILC10231,Begumpur,hadiur74@bp,172.21.25.49,SID246196,active
GAZI MAZHARUL ANWAR,+8801303802028,ILC10239,Begumpur,anwar28@bp,172.21.25.50,SID181973,active
MD. ANISUR RAHMAN,+8801830959693,ILC10337,Begumpur,anisur93@bp,172.21.25.51,SID176388,active
ABDULLAH AL MAMUN,+8801973717899,ILC10340,Begumpur,mamun99@bp,172.21.25.52,SID296643,active
AL MAMUN RONI,+8801725070870,ILC10342,Begumpur,roni70@bp,172.21.25.53,SID351250,active
MD. AMIR HOSSAIN,+8801741417236,ILC10481,Begumpur,amir36@bp,172.21.25.54,SID172598,active
MD. NURUZZAMAN BISWAS,+8801300643864,ILC10484,Begumpur,nahid64@bp,172.21.25.55,SID172732,active
MD. GOLAM AZOM RANA,+8801733465011,ILC10485,Begumpur,rana11@bp,172.21.25.56,SID203661,active
SOPON KUMAR MONDOL,+8801309115823,ILC10483,Begumpur,B.P.H.S@BP,172.21.25.57,SID232359,active
MD. FARUK HOSSAN,+8801318724035,ILC10482,Begumpur,hasanur35@bp,172.21.25.58,SID309216,active
SANKAR KUMAR PAUL,+8801714632881,ILC10492,Begumpur,sankar81@bp,172.21.25.59,SID324509,active
MD. GOLAM RASUL,+8801790341746,ILC10512,Begumpur,rosul46@bp,172.21.25.60,SID248579,active
OBAIDUL GAZI,+8801764191542,ILC10516,Begumpur,chanta42@bp,172.21.25.61,SID198095,active
MD. WALIUR RAHMAN,+8801747998086,ILC10518,Begumpur,olear86@bp,172.21.25.62,SID311186,active
TAHAMINA KHATUN,+8801763953806,ILC10520,Begumpur,Tahira06@bp,172.21.25.63,SID252544,active
MD AHADUL ISLAM (DOKAN),+8801703717899,ILC10524,Begumpur,ekramul75@bp,172.21.25.64,SID177000,active
MD. RAKIB HOSSEN,+8801783774319,ILC10525,Begumpur,rakiBegumpur9@bp,172.21.25.65,SID268934,active
MOHAMMAD SADDAM,+8801771162364,ILC10526,Begumpur,saggat92@bp,172.21.25.66,SID185501,active
MOHAMMAD JOSHIM,+8801758144521,ILC10534,Begumpur,josim21@bp,172.21.25.67,SID296623,active
SOBAHAN GAZI,+8801737789336,ILC10535,Begumpur,chanta36@bp,172.21.25.68,SID212699,active
AMINUR Begumpur,+8801785929366,ILC10555,Begumpur,aminur66@bp,172.21.25.69,SID245779,active
MD. HABIBUR RAHMAN,+8801953483994,ILC10556,hazrakathi,babu94@bp,172.21.25.70,SID310671,active
IBRAHIM HOSSAIN,+8801705711971,ILC10557,hazrakathi,ebrahim71@bp,172.21.25.71,SID211518,active
JIHAD HASAN,+8801795429212,ILC10558,Begumpur,jihad12@bp,172.21.25.72,SID314451,active
MD. MONIRUZZANAN,+8801736888447,ILC10559,Begumpur,moni47@bp,172.21.25.73,SID294693,active
MD. MEHADI HASSAN,+8801791523993,ILC10560,Begumpur,hassan93@bp,172.21.25.74,SID189485,inactive
MD. SOFIKUZZAMAN RANU,+8801734511312,ILC10561,Begumpur,rana12@bp,172.21.25.75,SID310670,active
MD SOHAG HOSSAIN,+8801955497787,ILC10562,hazrakathi,sohag87@bp,172.21.25.76,SID254138,active
MD MONIRUZZAMAN SUMON,+8801733729145,ILC10563,hazrakathi,sumon45@bp,172.21.25.77,SID331327,active
MD. TAREK ANWAR,+8801916058277,ILC10564,Begumpur,Tarek77@bp,172.21.25.78,SID191109,active
MD. SAZID HASAN TUHIN,+8801634789769,ILC10566,Begumpur,tuhin69@bp,172.21.25.79,SID178971,active
MST. REHENA BEGUM,+8801972574530,ILC10592,Begumpur,anas30@bp,172.21.25.80,SID287136,active
MD SHARIFUL ISLAM,+8801979634818,ILC10593,hazrakathi,soriful18@bp,172.21.25.81,SID242753,active
MD Shadat Hossain,+8801770578134,ILC10598,Begumpur,sahdat34@bp,172.21.25.82,N/A,active
MD JAHID HASAN SHAWON,+8801743378385,ILC10599,Begumpur,jahid85@bp,172.21.25.83,SID179349,active
MD. ABDUL AHAD,+8801824776082,ILC10748,Koriakhali,mintu82@bp,172.21.25.85,N/A,active
MEHADI HASAN,+8801332498977,ILC10755,Begumpur,mahedi69@bp,172.21.25.86,SID245777,active
HOMAUN KOBIR,+8801796205386,ILC10794,Begumpur,kobir86@bp,172.21.25.87,N/A,active
MD. HAFIZUR RAHMAN,+8801976141516,ILC10866,Satbaria,hafizur43@bp,172.21.25.88,N/A,active
Rezoyan hossen (Parves),+8801746752481,ILC10874,Chadra,parves81@bp,172.21.25.93,N/A,active
Ashraful Islam,+8801760944475,ILC10875,Satbaria,ashraful75@bp,172.21.25.94,N/A,active
Md. Osman Goni,+8801312295311,ILC10877,Begumpur,osman11@bp,172.21.25.96,N/A,active
MD. MONIRUL ALAM,+8801708363867,ILC10917,Begumpur,moni67@bp,172.21.25.97,N/A,active
Fozila,+8801722974898,ILC11060,Begumpur,fozila98@bp,172.21.25.98,N/A,active
TAPAS KUMAR DUTTA,+8801922866882,ILC11082,Chadra,tapos82@bp,172.21.25.99,N/A,inactive
HARUN OR RASHID,+8801636002024,ILC11301,Satbaria,nazmul60@bp,172.21.25.100,SID197792,inactive
FOYSAL HOSSEN,+8801312810318,ILC11343,Begumpur,foysal18@bp,172.21.25.101,N/A,active
Md Abdus Salam,+8801325805286,ILC11727,Chadra,salam86@bp,172.21.25.105,N/N,active
ASADULLAH,+8801911808187,ILC11828,hazrakathi,asadullah@bp,172.21.25.106,N/A,active
MD PALASH HOSSAIN,+8801933832413,ILC11888,Chadra,palaSatbaria3@bp,172.21.25.107,N/A,active
SHARIFUL SHARIF,+8801614700235,ILC11935,Begumpur,shoriful35@bp,172.21.25.108,N/A,active
MD. ASHRAFUL ISLAM,+8801955226648,ILC11971,Chadra,ashraful@bp,172.21.25.109,N/A,active
SHORIFUL ISLAM,+8801914485943,ILC12066,Chadra,shoriful43@bp,172.21.25.111,N/A,active
RIMA KHATUN,+880 1711858241,ILC12078,Satbaria,ripon41@bp,172.21.25.112,SID228733,active
MD. MEHEDI HASAN,+8801926866045,ILC12187,Chadra,mehedi45@bp,172.21.25.115,N/A,active
MD. KAMRUL AMIN,+8801314968383,ILC12199,Chadra,kamrul83@bp,172.21.25.116,N/A,active
SHAK TREQUL AIZAD,+8801409643695,ILC12234,Chadra,trequl95@bp,172.21.25.118,N/A,active
RABIUL ISLAM,+8801989334231,ILC12309,Koriakhali,rabiul31@bp,172.21.25.122,N/A,active
MD KAMRUZZAMAN GAZI,+8801728348282,ILC12327,Begumpur,kamrul82@bp,172.21.25.123,N/A,active
MD. ABDUL JABBAR,+8801836137797,ILC12379,Satbaria,jabbar97@bp,172.21.25.125,N/A,active
NAHID HASAN TUHIN,+8801324828582,ILC12383,hazrakathi,nahid82@bp,172.21.26.2,N/A,active
BABU SHEIKH,+8801934937152,ILC12387,Satbaria,babu52@bp,172.21.26.3,N/A,active
MD SAKIB MOROL,+8801943950810,ILC12500,Chadra,sakiBegumpur0@bp,172.21.26.4,N/A,active
MD. JALAL UDDIN,+8801887140825,ILC12602,Satbaria,jalal25@bp,172.21.26.5,N/A,active
MD. ASHRAFUL ISLAM,+8801993087475,ILC15898,Chadra,ashraful75@bp,172.21.26.6,N/A,active
Rashida Khatun,+8801304265490,ILC16004,hazrakathi,rashida90@bp,172.21.26.7,N/A,active
MD. MASUM BELLAL,+8801708089394,ILC16037,Begumpur,masum94@bp,172.21.26.8,N/A,active
SEFALI KHATUN,+8801748315594,ILC16093,Begumpur,sefali94@bp,172.21.26.9,N/A,active
Md. Abdul Alim,+8801948627642,ILC16095,hazrakathi,alim42@bp,172.21.26.10,N/A,active
MD. SHOHEDUL ISLAM,+8801992963090,ILC16168,hazrakathi,shohedul90@bp,172.21.26.11,N/A,active
MD. TOHIDUR RAHMAN,+8801310944202,ILC16220,Chadra,tohidur02@bp,172.21.26.12,N/A,active
MD. SALAUDDIN GAJI,+8801332587735,ILC16302,Begumpur,salauddin35@bp,172.21.26.13,N/A,active
MD. MONIRUL ISLAM,+8801725875325,ILC16325,Satbaria,monirul25@bp,172.21.26.14,N/A,active
MD. SURAP HOSSAIN TOIEM,+8801985075216,ILC16349,Begumpur,toiem16@bp,172.21.26.15,N/A,inactive
ABUL KALAM,+8801968286558,ILC16350,Chadra,kalam58@bp,172.21.26.16,N/A,active
MD. MOHIDUR RAHMAN MOROL,+8801403211762,ILC16470,Chadra,mohidur62@bp,172.21.26.17,N/A,active
UZZOL KUMOR PAL,+8801813282419,ILC16473,Begumpur,uzzal19@bp,172.21.26.18,N/A,active
ABDULLAH AL MAMUN,+8801642188962,ILC16493,Satbaria,mamun62@bp,172.21.26.19,N/A,inactive
MD. SHAHINUR RAHMAN,+8801721433303,ILC16506,Satbaria,shahinur03@bp,172.21.26.20,N/A,inactive
Oliar Rahman,+880+880994701,ILC16508,Satbaria,oliar01@bp,172.21.26.21,N/A,active
MD. ROFIQUL ISLAM,+8801751381139,ILC16516,Satbaria,rofiqul39@bp,172.21.26.22,N/A,active
MARUF HOSSAIN,+8801725727274,ILC16517,Chadra,maruf74@bp,172.21.26.23,N/A,active
MD. ENSAN ALI GAZI,+8801316226811,ILC16529,Satbaria,ensan11@bp,172.21.26.24,N/A,inactive
AZIM GAZI,+8801725071951,ILC16535,Begumpur,azim51@bp,172.21.26.25,N/A,active
MOHASIN ALI,+8801740905228,ILC16583,Satbaria,mohasin28@bp,172.21.26.26,N/A,active
SAIFUL ISLAM,+8801911658515,ILC16622,Chadra,saiful15@bp,172.21.26.27,N/A,inactive
SHAHIN ALAM,+8801718015197,ILC16630,Begumpur,shahin97@bp,172.21.26.28,N/A,active
MD. SAHIN (AKTER),+8801785236412,ILC16708,Begumpur,sahin12@bp,172.21.26.29,N/A,active
ROFIQUL ISLAM GAZI,+8801576492945,ILC16793,Chadra,rofiqul45@bp,172.21.26.30,N/A,active
SHIMUL ROY,+88017913437879,ILC16796,Chadra,shimul79@bp,172.21.26.31,N/A,active
MEHIDI HASAN (Rubel),+8801947999907,ILC16798,Satbaria,rubel07@bp,172.21.26.32,N/A,active
MD.HADEUZZAMAN,+8801717153506,ILC16912,Chadra,hadeur06@bp,172.21.26.33,N/A,active
MD ABDUR RASHID,+8801929012195,ILC16942,Satbaria,rashid95@bp,172.21.26.34,N/A,active
MD. RONI SARDER,+8801764232219,ILC16965,Satbaria,roni19@bp,172.21.26.35,N/A,inactive
Md. Mujahid Hossain,+880 1992832128,ILC16967,Satbaria,Mujahid28@bp,172.21.26.36,N/A,active
AKHI AKTER PINKI,+8801327261870,ILC16974,Koriakhali,akhi70@bp,172.21.26.37,N/A,active
SONIA KHATUN,+8801404915191,ILC16994,Chadra,sonia91@bp,172.21.26.38,N/A,active
OLIAR RAHMΑΝ,+8801706971232,ILC17008,Satbaria,oliar32@bp,172.21.26.39,N/A,active
MHAMUDUL HASSAIN,+8801923987259,ILC17020,Satbaria,mhamudul59@bp,172.21.26.40,N/A,active
MST. ROZINA BEGUM,+8801328842247,ILC17157,Chadra,rozina47@bp,172.21.26.41,N/A,active
MD.ABDUL QUDDUS,+8801725436103,ILC17173,Satbaria,quddus03@bp,172.21.26.42,N/A,active
MD. MUSANUR RAHMAN, +8801878647025,ILC17182,Satbaria,musanur25@bp,172.21.26.43,N/A,active
MAHMUDUL HASAN,+8801720409174,ILC17184,Chadra,mahmudul74@bp,172.21.26.44,N/A,active
NAHID HASAN,+8801717530658,ILC17187,Chadra,nahid58@bp,172.21.26.45,N/A,active
ROSHIDUL RAHMAN (MAMA),+8801722574714,ILC17193,Satbaria,roshidul14@bp,172.21.26.46,N/A,active
HABIBUR RAHMAN,+8801314968398,ILC17239,Satbaria,habibur98@bp,172.21.26.47,N/A,active
ABUL KASEM,+8801768595106,ILC17242,Satbaria,kasem06@bp,172.21.26.48,N/A,active
MST Neela,+8801861774590,ILC17256,Satbaria,neela90@bp,172.21.26.49,N/A,active
MD ARSHAFUL HOSSAIN,+8801948163845,ILC17319,Satbaria,arshaful45@bp,172.21.26.50,N/A,inactive 
MD. HASAN ALI,+8801757029156,ILC17651,Satbaria,hasan56@bp,172.21.26.51,N/A,active
MD. AZAHARUL ISLAM,+8801718703796,ILC17837,Satbaria,azaharul96@bp,172.21.26.52,N/A,active
ABDUL KHALEK,+8801314477879,ILC18032,Koriakhali,khalek79@bp,172.21.26.53,N/A,active
MD. SHIMUL HOSSAIN,+8801736888447,ILC18097,Begumpur,simul47@bp,172.21.26.54,N/A,active
MD. AZAHARUL KABIR,+8801856672000,ILC18134,Satbaria,azaharul00@bp,172.21.26.55,N/A,active
MD. HAFIZUR RAHMAN (OSMAN),+8801793434359,ILC18175,Begumpur,osman59@bp,172.21.26.56,N/A,active
ABDULLAH,+8801980224324,ILC18176,Satbaria,abdullah24@bp,172.21.26.57,N/A,active
MD MASUDUR RAHMAN,+8801748308048,ILC18223,Satbaria,masudur48@bp,172.21.26.58,N/A,active
YOUNUS ALI,+8801838906242,ILC18227,Satbaria,younus42@bp,172.21.26.59,N/A,inactive
MD. MEHEDI HASSAN,+8801786662749,ILC18291,Chadra,mehedi49@bp,172.21.26.60,N/A,inactive
MD ABDUL KUDDUS,+8801327385679,ILC18343,Satbaria,kuddus79@bp,172.21.26.61,N/A,inactive
Md. Ruhul Amin,+8801920755683,ILC18532,hazrakathi,ruhul83@bp,172.21.26.62,N/A,active
MD. RASUL HOSSAIN,+8801731678474,ILC18533,hazrakathi,rasul74@bp,172.21.26.63,N/A,inactive
MD. RAFIQUL ISLAM,+8801853136318,ILC18574,Satbaria,rafiqul18@bp,172.21.26.64,N/A,active
MD.KAMRUZZAMAN,+8801301869265,ILC18610,hazrakathi,kamrul65@bp,172.21.26.65,N/A,active
MD. IMAMUL HOSSIN,+8801721967046,ILC18625,Begumpur,imamul46@bp,172.21.26.66,N/A,active
MD EKRAMUL HOSSEN,+8801781422975,ILC18713,Begumpur,ekramul75@bp,172.21.26.67,N/A,active
MD. AFZAL BASHAR,+8801717726271,ILC18723,Chadra,bashar71@bp,172.21.26.68,N/A,active
MD. REYAZ UDDIN BISWAS,+8801308030235,ILC18766,Satbaria,reyaz35@bp,172.21.26.69,N/A,active
MD. SHOHAG HOSSAIN,+8801957800967,ILC18739,Satbaria,shohag67@bp,172.21.26.70,N/A,active
MD ZIHAD HASSAN,+8801712069430,ILC18798,Begumpur,zihad30@bp,172.21.26.71,N/A,active
MD NAZMUL HOSSAIN,+8801796368752,ILC18842,Chadra,nazmul52@bp,172.21.26.72,N/A,active
MD. SALIM HOSEN,+8801764246234,ILC18851,Chadra,salim34@bd,172.21.26.73,N/A,active
BILLAL HOSSION,+8801607835719,ILC18856,Satbaria,billal19@bp,172.21.26.74,N/A,active
AZARUL Begumpur,+8801304550552,ILC18865,Begumpur,azarul52@bp,172.21.26.75,SID175517,active
MD ASIKUR RAHMAN ASIK,+8801817866711,ILC18899,Satbaria,asikur11@bp,172.21.26.76,N/A,active
MD. ABDUL KADER,+8801307551358,ILC18920,Satbaria,kader58@bp,172.21.26.77,N/A,active
MD MOYNUL ISLAM,+8801785232149,ILC18965,Satbaria,moynul49@bp,172.21.26.78,N/A,active
MD. RAKIB HOSSAIN,+8801300476423,ILC19087,Begumpur,rakib23@bp,172.21.26.80,N/A,active
MD. HASAN,+01792093462,ILC19066,Begumpur,hasan62@bp,172.21.26.79,N/A,active
MD. MATIAR RAHMAN,+8801827145424,ILC19105,Satbaria,matiar24@bp,172.21.26.81,N/A,inactive
MD IMRAN HOSEN,+8801919486060,ILC19125,Chadra,imran60@bp,172.21.26.82,N/A,active
MD. NOZRUL ISLAM,+8801981262372,ILC19152,hazrakathi,nozrul72@bp,172.21.26.83,N/A,active
HASANUZZAMAN,+8801793323108,ILC19166,Begumpur,hasan08@bp,172.21.26.84,N/A,active
MD. IKRAMUJJAMAN,+8801765043199,ILC19167,Begumpur,ikramul99@bp,172.21.26.85,N/A,active
